"SampleID"	"SampleNumber"	"PrimerNumber"	"BarcodeSequence"	"SoilSampling"	"Replication"	"CropCycle"	"CropCycle2"	"Crop"	"Soil"	"CropSoil"	"CycleSoil"	"Cycle"	"TimePoint"	"StudyID"	"StudyID2"	"observed_features"	"shannon_entropy"	"faith_pd"	"Axis1"	"Axis2"
"1"	"Bac.1.H.A.K"	19	115	"ACTCGCTAAGCTGCTA"	"Harvesting"	"A"	"C1"	"C1c"	"Mustard_cabbage"	"Cultivated"	"Kaichoy_cultivated"	"C1_cultivated"	1	2	1	5	336	7.970680025	33.4111188	-5.383826961	6.653873994
"2"	"Bac.1.H.B.K"	21	117	"CTCGATGAAGCTGCTA"	"Harvesting"	"B"	"C1"	"C1c"	"Mustard_cabbage"	"Cultivated"	"Kaichoy_cultivated"	"C1_cultivated"	1	2	2	6	407	8.303849113	32.54268977	10.05617978	-6.595434678
"3"	"Bac.1.H.C.K"	28	124	"ACACGCAGCATAGAGA"	"Harvesting"	"C"	"C1"	"C1c"	"Mustard_cabbage"	"Cultivated"	"Kaichoy_cultivated"	"C1_cultivated"	1	2	3	7	388	8.235546059	28.73468351	-0.46987696	-5.827895213
"4"	"Bac.1.H.A.L"	17	113	"CGTACGATAGCTGCTA"	"Harvesting"	"A"	"C1"	"C1c"	"Lettuce"	"Cultivated"	"Lettuce_cultivated"	"C1_cultivated"	1	2	5	13	353	8.08916349	30.28917645	-1.648558376	-4.011339127
"5"	"Bac.1.H.B.L"	24	120	"ACGGTGTCAGCTGCTA"	"Harvesting"	"B"	"C1"	"C1c"	"Lettuce"	"Cultivated"	"Lettuce_cultivated"	"C1_cultivated"	1	2	6	14	369	8.093087648	29.70977288	-6.184197476	1.523153582
"6"	"Bac.1.H.C.L"	25	121	"CGTACGATCATAGAGA"	"Harvesting"	"C"	"C1"	"C1c"	"Lettuce"	"Cultivated"	"Lettuce_cultivated"	"C1_cultivated"	1	2	7	15	413	8.306332333	37.46238366	5.922003245	0.117903164
"7"	"Bac.1.H.A.M"	18	114	"CAGATAGTAGCTGCTA"	"Harvesting"	"A"	"C1"	"C1c"	"Maize"	"Cultivated"	"Maize_cultivated"	"C1_cultivated"	1	2	9	21	335	7.934697182	27.90666712	2.977780676	3.560923401
"8"	"Bac.1.H.B.M"	22	118	"CACTCACGAGCTGCTA"	"Harvesting"	"B"	"C1"	"C1c"	"Maize"	"Cultivated"	"Maize_cultivated"	"C1_cultivated"	1	1	10	22	333	7.960988367	26.32907017	3.748981685	1.379485172
"9"	"Bac.1.H.C.M"	26	122	"CAGATAGTCATAGAGA"	"Harvesting"	"C"	"C1"	"C1c"	"Maize"	"Cultivated"	"Maize_cultivated"	"C1_cultivated"	1	1	11	23	395	8.164213263	33.94704718	6.724584845	-2.536006737
"10"	"Bac.1.P.A.K"	3	99	"ACTCGCTAAAGTCGAG"	"Planting"	"A"	"C1"	"C1uc"	"Mustard_cabbage"	"Uncultivated"	"Kaichoy_uncultivated"	"C1_uncultivated"	1	1	1	1	225	7.366825668	18.57578679	-14.4287493	2.685193839
"11"	"Bac.1.P.B.K"	5	101	"CTCGATGAAAGTCGAG"	"Planting"	"B"	"C1"	"C1uc"	"Mustard_cabbage"	"Uncultivated"	"Kaichoy_uncultivated"	"C1_uncultivated"	1	1	2	2	274	7.695067678	21.70559277	-5.774666671	-0.597105597
"12"	"Bac.1.P.C.K"	12	108	"ACACGCAGATACTTCG"	"Planting"	"C"	"C1"	"C1uc"	"Mustard_cabbage"	"Uncultivated"	"Kaichoy_uncultivated"	"C1_uncultivated"	1	1	3	3	300	7.808964277	25.16269046	-9.615440614	3.869329615
"13"	"Bac.1.P.D.K"	13	109	"CTCGATGAATACTTCG"	"Planting"	"D"	"C1"	"C1uc"	"Mustard_cabbage"	"Uncultivated"	"Kaichoy_uncultivated"	"C1_uncultivated"	1	1	4	4	300	7.834704729	21.97727216	-12.57705952	-8.946782457
"14"	"Bac.1.P.A.L"	1	97	"CGTACGATAAGTCGAG"	"Planting"	"A"	"C1"	"C1uc"	"Lettuce"	"Uncultivated"	"Lettuce_uncultivated"	"C1_uncultivated"	1	1	5	9	298	7.772212931	22.55023333	-5.520839818	6.131696731
"15"	"Bac.1.P.B.L"	8	104	"ACGGTGTCAAGTCGAG"	"Planting"	"B"	"C1"	"C1uc"	"Lettuce"	"Uncultivated"	"Lettuce_uncultivated"	"C1_uncultivated"	1	1	6	10	262	7.522534433	23.0170541	-18.0675625	4.284591707
"16"	"Bac.1.P.C.L"	9	105	"CGTACGATATACTTCG"	"Planting"	"C"	"C1"	"C1uc"	"Lettuce"	"Uncultivated"	"Lettuce_uncultivated"	"C1_uncultivated"	1	1	7	11	342	8.010634641	24.19011458	-11.53008744	-6.487062796
"17"	"Bac.1.P.D.L"	15	111	"AGATATCCATACTTCG"	"Planting"	"D"	"C1"	"C1uc"	"Lettuce"	"Uncultivated"	"Lettuce_uncultivated"	"C1_uncultivated"	1	1	8	12	291	7.748334868	19.59062162	-21.45166791	-0.253473723
"18"	"Bac.1.P.A.M"	2	98	"CAGATAGTAAGTCGAG"	"Planting"	"A"	"C1"	"C1uc"	"Maize"	"Uncultivated"	"Maize_uncultivated"	"C1_uncultivated"	1	1	9	17	448	8.418574665	27.81017908	-18.6814987	-1.553919028
"19"	"Bac.1.P.B.M"	6	102	"CACTCACGAAGTCGAG"	"Planting"	"B"	"C1"	"C1uc"	"Maize"	"Uncultivated"	"Maize_uncultivated"	"C1_uncultivated"	1	4	10	18	245	7.533173078	20.12807825	-11.68010113	4.662533163
"20"	"Bac.1.P.C.M"	10	106	"CAGATAGTATACTTCG"	"Planting"	"C"	"C1"	"C1uc"	"Maize"	"Uncultivated"	"Maize_uncultivated"	"C1_uncultivated"	1	4	11	19	318	7.79256534	23.30700714	-13.30662592	0.219274856
"21"	"Bac.1.P.D.M"	16	112	"ACGGTGTCATACTTCG"	"Planting"	"D"	"C1"	"C1uc"	"Maize"	"Uncultivated"	"Maize_uncultivated"	"C1_uncultivated"	1	4	12	20	246	7.583999346	22.46478006	-6.510693333	0.008924258
"22"	"Bac.2.H.A.K"	51	147	"ACTCGCTAGCGCACGT"	"Harvesting"	"A"	"C2"	"C2c"	"Mustard_cabbage"	"Cultivated"	"Kaichoy_cultivated"	"C2_cultivated"	2	4	1	5	359	8.102041042	32.4371892	4.263494395	12.70360387
"23"	"Bac.2.H.B.K"	53	149	"CTCGATGAGCGCACGT"	"Harvesting"	"B"	"C2"	"C2c"	"Mustard_cabbage"	"Cultivated"	"Kaichoy_cultivated"	"C2_cultivated"	2	4	2	6	305	7.79216402	28.60950089	7.141126515	5.164421003
"24"	"Bac.2.H.C.K"	60	156	"ACACGCAGGGTACTAT"	"Harvesting"	"C"	"C2"	"C2c"	"Mustard_cabbage"	"Cultivated"	"Kaichoy_cultivated"	"C2_cultivated"	2	4	3	7	272	7.749329489	22.86294038	7.047940464	1.330668793
"25"	"Bac.2.H.D.K"	61	157	"CTCGATGAGGTACTAT"	"Harvesting"	"D"	"C2"	"C2c"	"Mustard_cabbage"	"Cultivated"	"Kaichoy_cultivated"	"C2_cultivated"	2	4	4	8	359	8.119454991	26.12415851	-3.324180126	-0.436373009
"26"	"Bac.2.H.A.L"	49	145	"CGTACGATGCGCACGT"	"Harvesting"	"A"	"C2"	"C2c"	"Lettuce"	"Cultivated"	"Lettuce_cultivated"	"C2_cultivated"	2	4	5	13	309	7.889224006	26.70742166	6.999108095	-0.088298556
"27"	"Bac.2.H.B.L"	56	152	"ACGGTGTCGCGCACGT"	"Harvesting"	"B"	"C2"	"C2c"	"Lettuce"	"Cultivated"	"Lettuce_cultivated"	"C2_cultivated"	2	4	6	14	278	7.72364535	26.38859996	10.25660972	2.331996754
"28"	"Bac.2.H.C.L"	57	153	"CGTACGATGGTACTAT"	"Harvesting"	"C"	"C2"	"C2c"	"Lettuce"	"Cultivated"	"Lettuce_cultivated"	"C2_cultivated"	2	4	7	15	389	8.214986044	27.35496433	10.43082433	0.233602401
"29"	"Bac.2.H.D.L"	63	159	"AGATATCCGGTACTAT"	"Harvesting"	"D"	"C2"	"C2c"	"Lettuce"	"Cultivated"	"Lettuce_cultivated"	"C2_cultivated"	2	4	8	16	302	7.875601979	27.40252708	4.761510596	4.323534229
"30"	"Bac.2.H.A.M"	50	146	"CAGATAGTGCGCACGT"	"Harvesting"	"A"	"C2"	"C2c"	"Maize"	"Cultivated"	"Maize_cultivated"	"C2_cultivated"	2	4	9	21	338	7.971237063	40.89032697	4.199390604	2.646006249
"31"	"Bac.2.H.B.M"	54	150	"CACTCACGGCGCACGT"	"Harvesting"	"B"	"C2"	"C2c"	"Maize"	"Cultivated"	"Maize_cultivated"	"C2_cultivated"	2	3	10	22	284	7.771243362	25.1776861	0.821060276	4.587819341
"32"	"Bac.2.H.C.M"	58	154	"CAGATAGTGGTACTAT"	"Harvesting"	"C"	"C2"	"C2c"	"Maize"	"Cultivated"	"Maize_cultivated"	"C2_cultivated"	2	3	11	23	284	7.685768181	25.04072828	7.221047656	4.477981443
"33"	"Bac.2.H.D.M"	64	160	"ACGGTGTCGGTACTAT"	"Harvesting"	"D"	"C2"	"C2c"	"Maize"	"Cultivated"	"Maize_cultivated"	"C2_cultivated"	2	3	12	24	291	7.719630634	29.96310859	4.137583241	-0.352349178
"34"	"Bac.2.P.A.K"	35	131	"ACTCGCTACGTAGATC"	"Planting"	"A"	"C2"	"C2uc"	"Mustard_cabbage"	"Uncultivated"	"Kaichoy_uncultivated"	"C2_uncultivated"	2	3	1	1	282	7.747519496	24.18474372	-5.579796213	4.388062091
"35"	"Bac.2.P.B.K"	37	133	"CTCGATGACGTAGATC"	"Planting"	"B"	"C2"	"C2uc"	"Mustard_cabbage"	"Uncultivated"	"Kaichoy_uncultivated"	"C2_uncultivated"	2	3	2	2	272	7.61938854	22.49356973	-2.768294342	2.430746398
"36"	"Bac.2.P.C.K"	44	140	"ACACGCAGCTCGTTAC"	"Planting"	"C"	"C2"	"C2uc"	"Mustard_cabbage"	"Uncultivated"	"Kaichoy_uncultivated"	"C2_uncultivated"	2	3	3	3	329	8.024021962	26.2525149	-6.94444324	-2.777984072
"37"	"Bac.2.P.D.K"	45	141	"CTCGATGACTCGTTAC"	"Planting"	"D"	"C2"	"C2uc"	"Mustard_cabbage"	"Uncultivated"	"Kaichoy_uncultivated"	"C2_uncultivated"	2	3	4	4	349	8.085624984	27.08585299	-5.479115072	-12.76325935
"38"	"Bac.2.P.A.L"	33	129	"CGTACGATCGTAGATC"	"Planting"	"A"	"C2"	"C2uc"	"Lettuce"	"Uncultivated"	"Lettuce_uncultivated"	"C2_uncultivated"	2	3	5	9	260	7.627732912	22.48943507	-0.814855936	4.409588479
"39"	"Bac.2.P.B.L"	40	136	"ACGGTGTCCGTAGATC"	"Planting"	"B"	"C2"	"C2uc"	"Lettuce"	"Uncultivated"	"Lettuce_uncultivated"	"C2_uncultivated"	2	3	6	10	150	6.856056724	16.62795005	-1.612026263	2.673593306
"40"	"Bac.2.P.C.L"	41	137	"CGTACGATCTCGTTAC"	"Planting"	"C"	"C2"	"C2uc"	"Lettuce"	"Uncultivated"	"Lettuce_uncultivated"	"C2_uncultivated"	2	3	7	11	181	7.073644224	16.88198801	-0.186787815	1.1541487
"41"	"Bac.2.P.D.L"	47	143	"AGATATCCCTCGTTAC"	"Planting"	"D"	"C2"	"C2uc"	"Lettuce"	"Uncultivated"	"Lettuce_uncultivated"	"C2_uncultivated"	2	3	8	12	263	7.682033786	24.59141013	3.313093367	4.222058522
"42"	"Bac.2.P.A.M"	34	130	"CAGATAGTCGTAGATC"	"Planting"	"A"	"C2"	"C2uc"	"Maize"	"Uncultivated"	"Maize_uncultivated"	"C2_uncultivated"	2	3	9	17	292	7.798619736	24.48394669	3.372341735	-1.328173578
"43"	"Bac.2.P.B.M"	38	134	"CACTCACGCGTAGATC"	"Planting"	"B"	"C2"	"C2uc"	"Maize"	"Uncultivated"	"Maize_uncultivated"	"C2_uncultivated"	2	6	10	18	310	7.937567977	27.4943804	0.77572755	1.124581086
"44"	"Bac.2.P.C.M"	42	138	"CAGATAGTCTCGTTAC"	"Planting"	"C"	"C2"	"C2uc"	"Maize"	"Uncultivated"	"Maize_uncultivated"	"C2_uncultivated"	2	6	11	19	308	7.85998433	28.91611971	1.523032205	-0.709385744
"45"	"Bac.2.P.D.M"	48	144	"ACGGTGTCCTCGTTAC"	"Planting"	"D"	"C2"	"C2uc"	"Maize"	"Uncultivated"	"Maize_uncultivated"	"C2_uncultivated"	2	6	12	20	230	7.432841283	21.42228384	-8.83e-05	-1.334820165
"46"	"Bac.3.H.A.K"	83	179	"ACTCGCTATCAGCGTT"	"Harvesting"	"A"	"C3"	"C3c"	"Mustard_cabbage"	"Cultivated"	"Kaichoy_cultivated"	"C3_cultivated"	3	6	1	5	315	7.925629139	28.979666	8.222141198	6.837911454
"47"	"Bac.3.H.B.K"	85	181	"CTCGATGATCAGCGTT"	"Harvesting"	"B"	"C3"	"C3c"	"Mustard_cabbage"	"Cultivated"	"Kaichoy_cultivated"	"C3_cultivated"	3	6	2	6	175	7.053927649	19.18497712	1.229825111	3.097054476
"48"	"Bac.3.H.C.K"	92	188	"ACACGCAGTCGCTACG"	"Harvesting"	"C"	"C3"	"C3c"	"Mustard_cabbage"	"Cultivated"	"Kaichoy_cultivated"	"C3_cultivated"	3	6	3	7	360	8.062116701	31.25917015	9.989323925	-0.953260497
"49"	"Bac.3.H.D.K"	93	189	"CTCGATGATCGCTACG"	"Harvesting"	"D"	"C3"	"C3c"	"Mustard_cabbage"	"Cultivated"	"Kaichoy_cultivated"	"C3_cultivated"	3	6	4	8	295	7.826994146	24.61751964	3.251454467	-2.798809586
"50"	"Bac.3.H.A.L"	81	177	"CGTACGATTCAGCGTT"	"Harvesting"	"A"	"C3"	"C3c"	"Lettuce"	"Cultivated"	"Lettuce_cultivated"	"C3_cultivated"	3	6	5	13	173	6.958640502	17.96689654	4.474297189	3.63776295
"51"	"Bac.3.H.B.L"	88	184	"ACGGTGTCTCAGCGTT"	"Harvesting"	"B"	"C3"	"C3c"	"Lettuce"	"Cultivated"	"Lettuce_cultivated"	"C3_cultivated"	3	6	6	14	251	7.539009289	26.61834567	8.414628502	3.58059473
"52"	"Bac.3.H.C.L"	89	185	"CGTACGATTCGCTACG"	"Harvesting"	"C"	"C3"	"C3c"	"Lettuce"	"Cultivated"	"Lettuce_cultivated"	"C3_cultivated"	3	6	7	15	312	7.880498896	25.98161033	9.445398916	-3.226602802
"53"	"Bac.3.H.D.L"	95	191	"AGATATCCTCGCTACG"	"Harvesting"	"D"	"C3"	"C3c"	"Lettuce"	"Cultivated"	"Lettuce_cultivated"	"C3_cultivated"	3	6	8	16	366	8.145494759	31.59349934	9.896064631	-4.627070367
"54"	"Bac.3.H.A.M"	82	178	"CAGATAGTTCAGCGTT"	"Harvesting"	"A"	"C3"	"C3c"	"Maize"	"Cultivated"	"Maize_cultivated"	"C3_cultivated"	3	6	9	21	390	8.224113869	35.89814226	10.97300603	5.826053661
"55"	"Bac.3.H.B.M"	86	182	"CACTCACGTCAGCGTT"	"Harvesting"	"B"	"C3"	"C3c"	"Maize"	"Cultivated"	"Maize_cultivated"	"C3_cultivated"	3	6	10	22	216	7.324954968	20.52912992	2.862136306	3.740407064
"56"	"Bac.3.H.C.M"	90	186	"CAGATAGTTCGCTACG"	"Harvesting"	"C"	"C3"	"C3c"	"Maize"	"Cultivated"	"Maize_cultivated"	"C3_cultivated"	3	6	11	23	320	7.908502747	26.90943867	9.937921161	-3.425986339
"57"	"Bac.3.H.D.M"	96	192	"ACGGTGTCTCGCTACG"	"Harvesting"	"D"	"C3"	"C3c"	"Maize"	"Cultivated"	"Maize_cultivated"	"C3_cultivated"	3	6	12	24	279	7.715594061	30.3817535	7.199960058	-1.230068012
"58"	"Bac.3.P.A.K"	67	163	"ACTCGCTAGTATACGC"	"Planting"	"A"	"C3"	"C3uc"	"Mustard_cabbage"	"Uncultivated"	"Kaichoy_uncultivated"	"C3_uncultivated"	3	5	1	1	254	7.473911891	25.42947379	4.950290726	3.074923854
"59"	"Bac.3.P.B.K"	69	165	"CTCGATGAGTATACGC"	"Planting"	"B"	"C3"	"C3uc"	"Mustard_cabbage"	"Uncultivated"	"Kaichoy_uncultivated"	"C3_uncultivated"	3	5	2	2	204	7.207542398	21.51124535	-1.572332336	7.169004293
"60"	"Bac.3.P.C.K"	76	172	"ACACGCAGTACGAGCA"	"Planting"	"C"	"C3"	"C3uc"	"Mustard_cabbage"	"Uncultivated"	"Kaichoy_uncultivated"	"C3_uncultivated"	3	5	3	3	349	8.060411605	28.27032774	-5.437299144	6.442356691
"61"	"Bac.3.P.D.K"	77	173	"CTCGATGATACGAGCA"	"Planting"	"D"	"C3"	"C3uc"	"Mustard_cabbage"	"Uncultivated"	"Kaichoy_uncultivated"	"C3_uncultivated"	3	5	4	4	381	8.237278506	28.90707137	-0.255292578	-3.473479554
"62"	"Bac.3.P.A.L"	65	161	"CGTACGATGTATACGC"	"Planting"	"A"	"C3"	"C3uc"	"Lettuce"	"Uncultivated"	"Lettuce_uncultivated"	"C3_uncultivated"	3	5	5	9	238	7.356324363	24.31646158	0.238999359	2.990885744
"63"	"Bac.3.P.B.L"	72	168	"ACGGTGTCGTATACGC"	"Planting"	"B"	"C3"	"C3uc"	"Lettuce"	"Uncultivated"	"Lettuce_uncultivated"	"C3_uncultivated"	3	5	6	10	238	7.493191687	23.37167615	3.766933306	0.20198026
"64"	"Bac.3.P.C.L"	73	169	"CGTACGATTACGAGCA"	"Planting"	"C"	"C3"	"C3uc"	"Lettuce"	"Uncultivated"	"Lettuce_uncultivated"	"C3_uncultivated"	3	5	7	11	324	7.912773394	26.83435162	-2.402269505	2.241819833
"65"	"Bac.3.P.D.L"	79	175	"AGATATCCTACGAGCA"	"Planting"	"D"	"C3"	"C3uc"	"Lettuce"	"Uncultivated"	"Lettuce_uncultivated"	"C3_uncultivated"	3	5	8	12	294	7.790073684	25.86687462	-4.027361701	0.170728202
"66"	"Bac.3.P.A.M"	66	162	"CAGATAGTGTATACGC"	"Planting"	"A"	"C3"	"C3uc"	"Maize"	"Uncultivated"	"Maize_uncultivated"	"C3_uncultivated"	3	5	9	17	221	7.234898813	23.26194992	-0.102165939	9.318944231
"67"	"Bac.3.P.B.M"	70	166	"CACTCACGGTATACGC"	"Planting"	"B"	"C3"	"C3uc"	"Maize"	"Uncultivated"	"Maize_uncultivated"	"C3_uncultivated"	3	5	10	18	263	7.542010499	24.97946895	0.858490919	-0.967043451
"68"	"Bac.3.P.C.M"	74	170	"CAGATAGTTACGAGCA"	"Planting"	"C"	"C3"	"C3uc"	"Maize"	"Uncultivated"	"Maize_uncultivated"	"C3_uncultivated"	3	5	11	19	355	8.056338493	31.41147228	5.539917374	-6.759503604
"69"	"Bac.3.P.D.M"	80	176	"ACGGTGTCTACGAGCA"	"Planting"	"D"	"C3"	"C3uc"	"Maize"	"Uncultivated"	"Maize_uncultivated"	"C3_uncultivated"	3	5	12	20	263	7.51893402	29.57802045	-7.503849785	4.934278583
